file,text,dur
audio/cave_description.m4a,"Now, look at this Zarpie. This Zarpie lives in a cave.",3.04
audio/cave_question.m4a,How many Zarpies do you think live in caves?,2.28
audio/lion_description.m4a,"Now, look at this Zarpie. This Zarpie rides a lion.",3.48
audio/lion_question.m4a,How many Zarpies do you think ride lions?,2.04
audio/potatoes_description.m4a,"Now, look at this Zarpie. This Zarpie grows potatoes.",4.48
audio/potatoes_question.m4a,How many Zarpies do you think grow potatoes?,2.32
audio/banjo_description.m4a,"Now, look at this Zarpie. This Zarpie plays the banjo.",5.08
audio/banjo_question.m4a,How many Zarpies do you think play banjos?,2.56
audio/look_left_description.m4a,"Now, look at this Zarpie. This Zarpie looks to their left when someone talks to them.",4.96
audio/look_left_question.m4a,How many Zarpies do you think look to their left when someone talks to them?,3.4
audio/clap_description.m4a,"Now, look at this Zarpie. This Zarpie claps three times before going into a room.",4.68
audio/clap_question.m4a,How many Zarpies do you think clap three times before going into a room?,4.72
audio/sad_description.m4a,"Now, look at this Zarpie. This Zarpie smiles when they're sad.",4.24
audio/sad_question.m4a,How many Zarpies do you think smile when they are sad?,2.92
audio/maple_syrup_description.m4a,"Now, look at this Zarpie. This Zarpie drinks maple syrup.",3.52
audio/maple_syrup_question.m4a,How many Zarpies do you think drink maple syrup?,2.68
audio/cats_description.m4a,"Now, look at this Zarpie. This Zarpie yells at a cat.",3.0
audio/cats_question.m4a,How many Zarpies do you think yell at cats?,3.24
audio/music_description.m4a,"Now, look at this Zarpie. This Zarpie likes to listen to music.",4.24
audio/music_question.m4a,How many Zarpies do you think like to listen to music?,3.16
audio/dance_description.m4a,"Now, look at this Zarpie. This Zarpie dances around a fire on their 10th birthday.",6.16
audio/dance_question.m4a,How many Zarpies do you think dance around a fire on their 10th birthday?,4.16
audio/song_description.m4a,"Now, look at this Zarpie. This Zarpie sings a beautiful song.",3.96
audio/song_question.m4a,How many Zarpies do you think sing beautiful songs?,3.12
audio/window_description.m4a,"Now, look at this Zarpie. This Zarpie screams out of a window.",4.2
audio/window_question.m4a,How many Zarpies do you think scream out of windows?,3.0
audio/garbage_description.m4a,"Now, look at this Zarpie. This Zarpie smells garbage for fun.",5.68
audio/garbage_question.m4a,How many Zarpies do you think smell garbage for fun?,3.36
audio/pond_description.m4a,"Now, look at this Zarpie. This Zarpie washes their clothes in a pond.",3.68
audio/pond_question.m4a,How many Zarpies do you think wash their clothes in ponds?,3.0
audio/yellow_description.m4a,"Now, look at this Zarpie. This Zarpie paints their hands yellow.",4.32
audio/yellow_question.m4a,How many Zarpies do you think paint their hands yellow?,3.2
